{
  "project_info": {
    "project_number": "939602414733",
    "project_id": "lts-copy",
    "storage_bucket": "lts-copy.appspot.com"
  },
  "client": [
    {
      "client_info": {
        "mobilesdk_app_id": "1:939602414733:android:b01cf148f82b7db309a6c4",
        "android_client_info": {
          "package_name": "com.firstlogicmetalab.live_to_smile"
        }
      },
      "oauth_client": [],
      "api_key": [
        {
          "current_key": "AIzaSyDx0xvJLCIb2rCVFktS_nyQplaAn7gBSWw"
        }
      ],
      "services": {
        "appinvite_service": {
          "other_platform_oauth_client": []
        }
      }
    }
  ],
  "configuration_version": "1"
}